frame,file,width,height,mode,alpha_min,alpha_max,transparent_pixels,silhouette_iou,sha256,status
0,frame_000.png,1254,1254,RGBA,0,255,1128882,0.810587,34401888093bb395bade5aaaefab8f93698a1880c809c864b86815515acd14fc,requires_pose_and_temporal_review
1,frame_001.png,1254,1254,RGBA,0,255,1129801,0.805636,999139e26c728705a297ef754c9d1d8c13526a0a57d78edbb8b983424359ff2e,requires_pose_and_temporal_review
2,frame_002.png,1254,1254,RGBA,0,255,1075778,0.716391,6f9b6607122e76ee691137a2fd5116ed16f7dc6938782d2e34f0863913005305,requires_pose_and_temporal_review
3,frame_003.png,1254,1254,RGBA,0,255,1131972,0.802552,d56d267633d0044661b03b3cd2ca075d4cf4a6ce3b4fcf768990dbdc3e7d2610,requires_pose_and_temporal_review
4,frame_004.png,1254,1254,RGBA,0,255,1143454,0.816737,052a06d84f3ba739ebba9ad09d65fa4a0b605232f09b4aa7333bf8e74704aca5,requires_pose_and_temporal_review
5,frame_005.png,1254,1254,RGBA,0,255,1111750,0.778299,4c2ee71d781b9c3996bc0b46bc19d4173e188b5a6fcc24efb4169bb6ad6e4834,requires_pose_and_temporal_review
6,frame_006.png,1254,1254,RGBA,0,255,1128202,0.799651,aefcdbfb883ce7009bd4ce23790cfcd64dd1899543b09dd4b0357de4d510236f,requires_pose_and_temporal_review
7,frame_007.png,1254,1254,RGBA,0,255,1133229,0.8141,ebe0f11d7e2ede3911c3f0e4cfd5a144f2450069e27f8bd65c41aa9fe7c201fe,requires_pose_and_temporal_review
8,frame_008.png,1254,1254,RGBA,0,255,1100878,0.772174,bdf2e9f387a592db9ec93c537b7492b90d95b01bd8b152691432b53a5d86c7c5,requires_pose_and_temporal_review
9,frame_009.png,1254,1254,RGBA,0,255,1130445,0.8093,665235677b9215f85f235feea2122d229f19b94bf5403bb19fdaa9b11d9bb979,requires_pose_and_temporal_review
10,frame_010.png,1254,1254,RGBA,0,255,1117740,0.792921,6cf5288a889445e88a09636183402c6b4389a30e8971f4834aee22938c5ebb54,requires_pose_and_temporal_review
11,frame_011.png,1254,1254,RGBA,0,255,1125513,0.789431,39b115b6144c8b1d6fbc3b6e990dbfad2e00f96eabbad32c5f900e9bb275ba2a,requires_pose_and_temporal_review
12,frame_012.png,1254,1254,RGBA,0,255,1132677,0.811819,6b68fb921ad7e32aec27e7ec5efe8af03576a8dd38a03af26d94e1981b9a7d4d,requires_pose_and_temporal_review
13,frame_013.png,1254,1254,RGBA,0,255,1120515,0.79387,86fa8dcdcdb20ec474b2f5ffb617ffeec2a09dec0e6d24478f23dfc675f0910f,requires_pose_and_temporal_review
14,frame_014.png,1254,1254,RGBA,0,255,1104935,0.779491,ac897b28c1a1ceaf8aa30094c08666b8641781fb60426c655faa08df4fe7fb1f,requires_pose_and_temporal_review
15,frame_015.png,1254,1254,RGBA,0,255,1127709,0.797953,a4c63d492bad06383bfaeda81ee937a47a8e03d674afaf76d37034b8626db487,requires_pose_and_temporal_review
16,frame_016.png,1254,1254,RGBA,0,255,1128250,0.793912,da9c7c04656d6398ca6f41590b4954d93258c18b1a461515cffa3556ce2e6cd1,requires_pose_and_temporal_review
17,frame_017.png,1254,1254,RGBA,0,255,1120294,0.771735,5bfe230a2bca30d04c43ebea9fbc88f64225a859a6b4e681e9e7456c4ce3fa6e,requires_pose_and_temporal_review
18,frame_018.png,1254,1254,RGBA,0,255,1111687,0.774952,f137898e3f72fb63dad3c89d3da0495045a65b791502eb4f864622e5bcb36d15,requires_pose_and_temporal_review
19,frame_019.png,1254,1254,RGBA,0,255,1135137,0.811485,b8c4d44a2b44ac079d26c0db892209f06ec9cc0f93e7b179d3dd8ef5cf248963,requires_pose_and_temporal_review
20,frame_020.png,1254,1254,RGBA,0,255,1121517,0.803755,1f09f1a13444726f110bbb7fcc8dbb0c3319592b5095472538ac8df71f7e9039,requires_pose_and_temporal_review
21,frame_021.png,1254,1254,RGBA,0,255,1052055,0.666667,18165069c7a6bedfbf999c9ee2588a7efc0cfd92d195be428f48a4dfa4b95926,requires_pose_and_temporal_review
22,frame_022.png,1254,1254,RGBA,0,255,1105826,0.747842,05a8aaf391836429a1e394ae9a163844404a51a4879b28160ffb5cee6b97018b,requires_pose_and_temporal_review
23,frame_023.png,1254,1254,RGBA,0,255,1109124,0.759937,d5e2c7f33f21013c72bea38100090c4a147d5f9b78c3ba5467e5fdcc1e105f89,requires_pose_and_temporal_review
24,frame_024.png,1254,1254,RGBA,0,255,1139160,0.826987,a461de393357e39ce747720ff7dc7c1b12156670ab93dc613bf7e800213a61d9,requires_pose_and_temporal_review
25,frame_025.png,1254,1254,RGBA,0,255,1130431,0.801381,dbc87740f367e1935177c19c492b1bd8418e79a69e057369b6dd1435238e4ca7,requires_pose_and_temporal_review
26,frame_026.png,1254,1254,RGBA,0,255,1060153,0.674592,38bb3609093c33930c2ea4612f06a06f0e182d1755d27fce89d51154d1db0bce,requires_pose_and_temporal_review
27,frame_027.png,1254,1254,RGBA,0,255,1091682,0.732758,705f43bebc170b503b6f2503a91f43dec009accc95a678d6e4d648a0230984ab,requires_pose_and_temporal_review
28,frame_028.png,1254,1254,RGBA,0,255,1124435,0.806139,af9dbf6279de23e2531a94dfd7c14b00abc187d5862fc886e58467ee8cb4b6cb,requires_pose_and_temporal_review
29,frame_029.png,1254,1254,RGBA,0,255,1125114,0.802538,9679a963c6099badd8eacaf4ecad9995ba022f5a9f8886f50857411c22b6fcce,requires_pose_and_temporal_review
30,frame_030.png,1254,1254,RGBA,0,255,1085721,0.756596,e3a28efc41ae0224056cfa1cd8e309170758cb1d6a8a60c7724678b9e2c447a2,requires_pose_and_temporal_review
31,frame_031.png,1254,1254,RGBA,0,255,1127141,0.809349,968e4f08be5b4a26fef0d3088dba0e2100103c5815ea0510e4db6ad73f868777,requires_pose_and_temporal_review
32,frame_032.png,1254,1254,RGBA,0,255,1110060,0.782554,250100aea15e8676a1f0f1385735d7b9132c7fc1cb6fb73da3ba6ada616e53ff,requires_pose_and_temporal_review
33,frame_033.png,1254,1254,RGBA,0,255,1115679,0.750707,8a8f9b46d893f8b4da6beed61f595fdea9afc4a6271ed32efbda88066505e40a,requires_pose_and_temporal_review
34,frame_034.png,1254,1254,RGBA,0,255,1146146,0.823356,d646d4e2873834da68c44f85ae4f07d5db47b79e6d5231e4a3b8a6809e4a2f9a,requires_pose_and_temporal_review
35,frame_035.png,1254,1254,RGBA,0,255,1147085,0.813314,edef1a5976663f98625587dc37cc53a6d6591d6fa56212b89301add0a7405cb5,requires_pose_and_temporal_review
36,frame_036.png,1254,1254,RGBA,0,255,1117661,0.797246,b5af92dd219759d8d2846cc9832e1e73b0d8017dbdc2126a3ed02a40e82d7ed8,requires_pose_and_temporal_review
37,frame_037.png,1254,1254,RGBA,0,255,1117033,0.776767,fb505aa3c9055d2b9ccdc76d8f403ee7ce87ef63ae3fdd503b778ac4a5ea4e34,requires_pose_and_temporal_review
38,frame_038.png,1254,1254,RGBA,0,255,1112862,0.783839,b5dd62608eefa312b91268dec668e999855f8ac728628abe1234b4117cb97f4c,requires_pose_and_temporal_review
39,frame_039.png,1254,1254,RGBA,0,255,1109764,0.750026,9b3ab6595d50ebcda626a29196d66df2f24f1b69319ec9093e0a6b1fe24e77ef,requires_pose_and_temporal_review
40,frame_040.png,1254,1254,RGBA,0,255,1140525,0.808212,55470cddc0f13456868a1e9059a3be62693947f1fd2ae531d18047138ccae3c1,requires_pose_and_temporal_review
41,frame_041.png,1254,1254,RGBA,0,255,1135169,0.826785,b040a473dc22a045d1898c0b5bfc4a8fa95d7e8b0a539c0b8a2db42fcb392ada,requires_pose_and_temporal_review
42,frame_042.png,1254,1254,RGBA,0,255,1112073,0.771382,98083cebfec3bd1b953466b2e6dcc7824bf7a63bff11898f1b494d33b46208d5,requires_pose_and_temporal_review
43,frame_043.png,1254,1254,RGBA,0,255,1099420,0.746204,d10ed0cca9b01f8abd92dfc7c1b7a32a48462d2aefb025a70104ee84f36a4ed3,requires_pose_and_temporal_review
44,frame_044.png,1254,1254,RGBA,0,255,1142223,0.799291,2e23907f37463e49b6add9ac2868dd5fd303033ff82aada1c8c32e82608ea222,requires_pose_and_temporal_review
45,frame_045.png,1254,1254,RGBA,0,255,1111376,0.756963,8f917ea79f911385cc63b16067c99448d67ea2981e7591d63ca27719d0f99f2c,requires_pose_and_temporal_review
46,frame_046.png,1254,1254,RGBA,0,255,1123499,0.79259,dd3ea7de39a5c35af64f23a5b31dd70a8c7aaee01c95aff39cd1239c5d637dda,requires_pose_and_temporal_review
47,frame_047.png,1254,1254,RGBA,0,255,1100063,0.741296,628052cf49dd95fc7aa36f8a58f1318cd1af0e57dc1eeccdf5868dd7361e9a71,requires_pose_and_temporal_review
48,frame_048.png,1254,1254,RGBA,0,255,1068142,0.691571,2844b6b0557f571730a817810daaa94d7983b9d32c2e838e316778f648babf23,requires_pose_and_temporal_review
49,frame_049.png,1254,1254,RGBA,0,255,1129687,0.807603,3d69dfb8ed4491ab2ab134fce260343eef4e5b2a2a2910719f2bf0fdcc3f8cf1,requires_pose_and_temporal_review
50,frame_050.png,1254,1254,RGBA,0,255,1107935,0.784402,d727e4d4b42da106d15d3a460823535d25e0a9dfd2636d19ad423bafe16d089e,requires_pose_and_temporal_review
51,frame_051.png,1254,1254,RGBA,0,255,1128889,0.812317,851ec9de1537c0d8f8346c04d852deeb59b76d12f342c1d609808a01cebe2435,requires_pose_and_temporal_review
52,frame_052.png,1254,1254,RGBA,0,255,1111783,0.772638,a5ef95b81fe96544684dc2e2d5bfb75ad3714b7b22cf10a05f738a74f2b07e4a,requires_pose_and_temporal_review
53,frame_053.png,1254,1254,RGBA,0,255,1097246,0.764231,89d90b273c493556b492a3ba5505690dc37b36b3db31ffce60567d35b114cd66,requires_pose_and_temporal_review
54,frame_054.png,1254,1254,RGBA,0,255,1071804,0.696277,d9016df42bfa0e97eb70550ab3433682dbf41e5ebcad0b2640f950ae604941a1,requires_pose_and_temporal_review
55,frame_055.png,1254,1254,RGBA,0,255,1096302,0.729112,3e875b3d788bd341fa7a9d3daab2c9c05561457928e25496edbe8d16ce1e3ecd,requires_pose_and_temporal_review
56,frame_056.png,1254,1254,RGBA,0,255,1112758,0.784267,2384c36950b262c7d5b1e55b8d6a8e968edbf89f7245ecea1541f0fa6ce0e4b5,requires_pose_and_temporal_review
57,frame_057.png,1254,1254,RGBA,0,255,1118711,0.777931,93fbb9537165f1a842b2ef0663b9e26bd84eae0bdf1360abe88683766355dfdc,requires_pose_and_temporal_review
58,frame_058.png,1254,1254,RGBA,0,255,1117928,0.788221,51722d31efd6c09090fa49913e45bc782ceffc10489e296b6d3d75515d239947,requires_pose_and_temporal_review
59,frame_059.png,1254,1254,RGBA,0,255,1103233,0.776104,8f19a0d6548b1248590bce14c00e077c061e05f0f20d4db599ba7c47090ba858,requires_pose_and_temporal_review
60,frame_060.png,1254,1254,RGBA,0,255,1120621,0.791136,584d48c4ee6b91d7b766bfd93352ae9c1e51491eed9f8d17aff22bc5076891b6,requires_pose_and_temporal_review
61,frame_061.png,1254,1254,RGBA,0,255,1096515,0.762678,71583e0d73e06309401ce02f58bf634ce677ddea5904e65d658c4a244faa96de,requires_pose_and_temporal_review
62,frame_062.png,1254,1254,RGBA,0,255,1083738,0.735021,9cd040f51b04c3609b88ed390ad438d5dc00e408ba8326cde96287bc5a4aabad,requires_pose_and_temporal_review
63,frame_063.png,1254,1254,RGBA,0,255,1115829,0.792431,a06ae5a3e3592e1f0f76e97d92b9aa14d979d784684dade9fa0bcf728ea6bba1,requires_pose_and_temporal_review
64,frame_064.png,1254,1254,RGBA,0,255,1104237,0.776467,c03a6032ecae39d1862549326d1e4f99a625dabc96a94311ececc4981323c338,requires_pose_and_temporal_review
65,frame_065.png,1254,1254,RGBA,0,255,1120637,0.790212,071d32e71eddc7a77dc9331b95395c3155b09d54d7ac39964b60ad1e02e30c08,requires_pose_and_temporal_review
66,frame_066.png,1254,1254,RGBA,0,255,1058325,0.69107,344961b61f3f649c9b2e5d3bf30b5a1b624904d0ab9b91049d17c8f51832814d,requires_pose_and_temporal_review
67,frame_067.png,1254,1254,RGBA,0,255,1114562,0.769037,9b4cb24a89eb9229c82bae5f4c560eefde549e5d94c7daabd6ff96052b65b36e,requires_pose_and_temporal_review
68,frame_068.png,1254,1254,RGBA,0,255,1090562,0.756253,c8ea450a8c96f4c3e2d6cfa4c3e32c798209b2525b316aa86a5e5594dba58903,requires_pose_and_temporal_review
69,frame_069.png,1254,1254,RGBA,0,255,1130358,0.81861,95933337b9bffd958f007448308a419e1a2cd275302646c4423d70b29ddbf0ca,requires_pose_and_temporal_review
70,frame_070.png,1254,1254,RGBA,0,255,1086317,0.742912,3200f70114438dc65639f5e0105151df243b8971553161722276307e266b1fc9,requires_pose_and_temporal_review
71,frame_071.png,1254,1254,RGBA,0,255,1103140,0.793797,cdbcd5c89166941448b171bca2b78c2599d040087962a004b7a23d475ee27b2a,requires_pose_and_temporal_review
72,frame_072.png,1254,1254,RGBA,0,255,1143257,0.815699,6b710dfab58e45a8d79a6a5b248bc178b2228fb4d8720316795aa8f461886e02,requires_pose_and_temporal_review
73,frame_073.png,1254,1254,RGBA,0,255,1134822,0.802268,12b4a0b481d0b4b9d089b9ba97ee70ca58cd332fb1316f1cf2b12ca19504c233,requires_pose_and_temporal_review
74,frame_074.png,1254,1254,RGBA,0,255,1070320,0.716873,5abeb190fc081bd46ff6cc9f387e829cafe42b3499ef22e712f7d5e8de246581,requires_pose_and_temporal_review
75,frame_075.png,1254,1254,RGBA,0,255,1123353,0.8052,8c97405c8cfe25a6aabd3725e7c790f629cbee139b58b5819a3821506ee30e97,requires_pose_and_temporal_review
